{
  "id": "3d-canvas-demo-world",
  "name": "3d-canvas-demo-world",
  "title": "3D Canvas Demo World",
  "description": "<h3>Welcome to the 3D Canvas Demo World!</h3>\n<p>This server is here for you to test 3D Canvas before you decide to if you want to subscribe! Remember that this server will reset every 2 Hours. This demo server uses the <strong>dnd5e</strong> system, 3D Canvas is <strong>system agnostic</strong> and will work the same way on any other system.</p>\n<p>Feel free to build and toy around! Leave the password field blank.</p>\n<p>If you want information on the subscription and all the included modules here are some useful links!</p>\n<ul>\n<li><a href=\"https://theripper93.com/\">Browse my Free an Premium Modules</a></li>\n<li><a href=\"https://www.patreon.com/theripper93\">Patreon</a></li>\n<li><a href=\"https://discord.com/invite/F53gBjR97G\">Discord</a></li>\n</ul>\n",
  "version": "1.0.0",
  "minimumCoreVersion": "0.0.0",
  "compatibleCoreVersion": "1.0.0",
  "scripts": [
    "scripts/init.js"
  ],
  "esmodules": [],
  "styles": [],
  "packs": [],
  "languages": [],
  "authors": [],
  "keywords": [],
  "socket": false,
  "url": "",
  "manifest": "",
  "download": "",
  "license": "",
  "readme": "",
  "bugs": "",
  "changelog": "",
  "background": "https://assets.forge-vtt.com/6098738e154d4dbda51d6c55/Game%20Banners/7vzRZge.jpg",
  "system": "dnd5e",
  "coreVersion": "10.291",
  "systemVersion": "2.1.4",
  "nextSession": null,
  "compatibility": {
    "minimum": "10.291",
    "verified": "10"
  }
}